{"stats":{"minecraft:picked_up":{"minecraft:sand":7},"minecraft:custom":{"minecraft:jump":32,"minecraft:time_since_rest":1804,"minecraft:leave_game":1,"minecraft:sprint_one_cm":2790,"minecraft:play_time":1804,"minecraft:walk_on_water_one_cm":235,"minecraft:time_since_death":1804,"minecraft:walk_one_cm":1345,"minecraft:sneak_time":64,"minecraft:total_world_time":1804,"minecraft:walk_under_water_one_cm":609,"minecraft:swim_one_cm":1149,"minecraft:fall_one_cm":1312,"minecraft:fly_one_cm":9241},"minecraft:mined":{"minecraft:sand":7}},"DataVersion":3465}